model,agg,best_f1,best_thresh,prec,rec,n_entities,grounding_rate_at_bestF1
MM,max,0.6346,0.23761,0.5146,0.8276,3910,0.7013
MM,mean,0.619,0.19712,0.47,0.9062,3910,0.8407
MM,top3_mean,0.6367,0.22663,0.5039,0.8645,3910,0.7481
MM,top5_mean,0.6328,0.22303,0.5065,0.8428,3910,0.7256
TXT,max,0.549,0.23428,0.4104,0.8291,2686,0.7085
TXT,mean,0.5298,0.20783,0.4153,0.7314,2686,0.6176
TXT,top3_mean,0.5525,0.22637,0.4148,0.827,2686,0.6992
TXT,top5_mean,0.5422,0.22167,0.408,0.8079,2686,0.6943
